{"train_acc": 1.0, "test_acc": 0.9855, "_timestamp": 1664790820.2409475, "_runtime": 64.24960541725159, "_step": 0, "_wandb": {"runtime": 63}}